time,power
0-1,569.0744609
1-2,525.8558398
2-3,516.501835
3-4,513.2798756
4-5,525.4561148
5-6,562.2439948
6-7,688.2562106
7-8,860.4366666
8-9,937.2256009
9-10,940.1708275
10-11,860.054512
11-12,832.2253044
12-13,902.851445
13-14,945.7845482
14-15,930.2721425
15-16,871.6685006
16-17,853.0790906
17-18,883.7173549
18-19,877.4227839
19-20,849.5935763
20-21,806.3793478
21-22,710.8648336
22-23,639.9707454
