time,power
0-1,769.0744609
1-2,725.8558398
2-3,716.501835
3-4,713.2798756
4-5,725.4561148
5-6,762.2439948
6-7,888.2562106
7-8,1060.4366666
8-9,1137.2256009
9-10,1140.1708275
10-11,1060.054512
11-12,1032.2253044
12-13,1102.851445
13-14,1145.7845482
14-15,1130.2721425
15-16,1071.6685006
16-17,1053.0790906
17-18,1083.7173549
18-19,1077.4227839
19-20,1049.5935763
20-21,1006.3793478
21-22,910.8648336
22-23,839.9707454
